id,sub,ch,tid,text,opt_a,opt_b,opt_c,opt_d,correct,explanation,ncert_class,ncert_chapter,ncert_page,syllabus_unit,difficulty,pyq_year,trick
101,PHYSICS,Units & Measurement,p1,The dimensional formula of angular momentum is:,[ML²T⁻²],[ML²T⁻¹],[MLT⁻¹],[ML⁻¹T⁻²],B,Angular momentum L = mvr = [M][LT⁻¹][L] = [ML²T⁻¹]. Same dimensions as Planck's constant h.,11,2,22,Units & Dimensions,easy,2022,Angular momentum = Planck's constant in dimensions. Both are [ML²T⁻¹].
102,PHYSICS,Motion in Straight Line,p2,"A body starts from rest, acceleration 4 m/s². Distance in 3rd second is:",10 m,12 m,14 m,16 m,A,Sₙ = u + a(2n−1)/2 = 0 + 4(5)/2 = 10 m.,11,3,44,Kinematics,easy,2023,Sₙ = u + a(2n−1)/2. Very frequently asked in NEET.
103,PHYSICS,Laws of Motion,p3,"5 kg block on frictionless surface, 20 N applied. Acceleration:",2 m/s²,4 m/s²,10 m/s²,25 m/s²,B,a = F/m = 20/5 = 4 m/s².,11,5,94,Newton's Laws,easy,,F=ma on frictionless surface. No friction to subtract.
104,PHYSICS,Laws of Motion,p3,"10 kg block, μ=0.3. Force to just move it (g=10):",15 N,30 N,3 N,0.3 N,B,f = μmg = 0.3×10×10 = 30 N.,11,5,97,Friction,easy,,Friction = μmg on horizontal. Static ≥ Kinetic friction.
105,PHYSICS,Work Energy Power,p4,Work done by centripetal force on circular motion:,Maximum,Minimum,Zero,Depends on speed,C,F ⊥ displacement → W = Fd cos90° = 0.,11,6,118,Work Energy,easy,2021,"Force perpendicular to displacement → W=0. Centripetal, Normal on horizontal → zero work."
106,PHYSICS,Gravitation,p5,Escape velocity from Earth's surface:,8 km/s,11.2 km/s,15 km/s,3 km/s,B,ve = √(2gR) ≈ 11.2 km/s. ve = √2 × orbital velocity.,11,8,188,Gravitation,easy,2020,ve = 11.2 km/s. Orbital vo = 7.9 km/s. ve = √2 × vo.
107,PHYSICS,Rotational Motion,p6,Moment of inertia of uniform disc about diameter:,MR²/2,MR²/4,MR²,2MR²,B,By perpendicular axis theorem: MR²/2 = 2I_diameter → I = MR²/4.,11,7,152,Rotational Motion,medium,2019,Disc about center = MR²/2. Divide by 2 for diameter = MR²/4.
108,PHYSICS,Oscillations,p7,Time period of simple pendulum depends on:,Mass of bob,Length and gravity,Amplitude,All of above,B,T = 2π√(L/g). Independent of mass and amplitude (small oscillations).,11,14,340,SHM,easy,2022,T = 2π√(L/g). On moon: T increases (g smaller).
109,PHYSICS,Waves,p8,Speed of sound in air at 0°C:,232 m/s,332 m/s,432 m/s,532 m/s,B,v = 332 m/s at 0°C. Increases 0.61 m/s per °C.,11,15,368,Waves,easy,,332 at 0°C. At 30°C: 332+18.3 ≈ 350 m/s.
110,PHYSICS,Thermodynamics,p9,In isothermal process for ideal gas:,Temperature changes,Pressure constant,Internal energy constant,Volume constant,C,T = constant → ΔU = 0 → Q = W.,11,12,299,Thermodynamics,medium,2023,Isothermal: ΔU=0. Isobaric: P same. Isochoric: V same → W=0. Adiabatic: Q=0.
111,PHYSICS,Kinetic Theory,p10,RMS speed of gas molecules is proportional to:,√T,T,T²,1/√T,A,vrms = √(3RT/M) ∝ √T.,11,13,321,Kinetic Theory,easy,,All molecular speeds ∝ √T and ∝ 1/√M.
112,PHYSICS,Electrostatics,p11,Electric field inside a hollow conducting sphere:,Maximum at center,Zero,Uniform,Depends on charge,B,"By Gauss's law, no enclosed charge → E = 0 inside conductor.",12,1,18,Electrostatics,easy,2022,Inside conductor = E is ZERO always. Charges on outer surface.
113,PHYSICS,Electrostatics,p11,Capacitance of parallel plate capacitor increases when:,Distance increases,Area decreases,Dielectric inserted,Charge decreases,C,C = Kε₀A/d. Dielectric K>1 increases C.,12,2,68,Capacitors,easy,,"C = Kε₀A/d. Increase K or A, decrease d → C increases."
114,PHYSICS,Current Electricity,p12,Neutrons in ₂₀Ca⁴⁰:,20,40,18,22,A,Neutrons = A − Z = 40 − 20 = 20.,12,12,408,Nuclei,easy,,Neutrons = A − Z. Always.
115,PHYSICS,Magnetic Effects,p13,Charged particle moves parallel to B. Magnetic force:,qvB,Maximum,Zero,qvB/2,C,F = qvBsinθ. θ=0° (parallel) → F=0.,12,4,121,Magnetism,easy,2021,Parallel to B → F=0. Perpendicular to B → F=max=qvB.
116,PHYSICS,Electromagnetic Induction,p14,Lenz's law is consequence of:,Conservation of energy,Conservation of charge,Conservation of momentum,Newton's 3rd law,A,Induced current opposes change to conserve energy.,12,6,208,EMI,medium,2019,Lenz = Energy conservation in EM form.
117,PHYSICS,Ray Optics,p15,Critical angle depends on:,Wavelength only,Refractive indices of both media,Intensity,Speed in vacuum,B,sinC = n₂/n₁. Depends on refractive indices of both media.,12,9,322,Optics,medium,,sinC = 1/μ for air-medium. Higher μ → smaller C → easier TIR.
118,PHYSICS,Dual Nature,p16,Photoelectric effect proves light has:,Wave nature,Particle nature,Both,Neither,B,Photons (E=hν) cannot be explained by wave theory → particle nature.,12,11,382,Dual Nature,easy,2023,Photoelectric → particle. Diffraction/Interference → wave.
119,PHYSICS,Atoms,p17,Bohr's model: radius of nth orbit proportional to:,n,n²,1/n,1/n²,B,rn = n²a₀/Z. rn ∝ n².,12,12,400,Atoms,easy,2020,Radius ∝ n². Energy ∝ 1/n². Velocity ∝ 1/n. Angular momentum ∝ n.
120,PHYSICS,Semiconductors,p18,Depletion region in p-n junction has:,Free carriers,No free carriers,Free electrons only,Free holes only,B,Holes and electrons recombine → immobile ions remain. No free carriers.,12,14,474,Semiconductors,medium,,Depletion = depleted of carriers. Acts as insulator.
121,PHYSICS,Projectile Motion,p19,Horizontal range is maximum when angle is:,30°,45°,60°,90°,B,R = u²sin2θ/g. Max when sin2θ=1 → θ=45°.,11,4,67,Projectile,easy,2021,Max range at 45°. Equal range at complementary angles (30°=60°).
122,PHYSICS,Properties of Matter,p20,"Excess pressure inside soap bubble of radius r, surface tension T:",T/r,2T/r,4T/r,T/2r,C,Two surfaces → 4T/r. Single surface (drop): 2T/r.,11,10,242,Surface Tension,medium,2022,Bubble (2 surfaces): 4T/r. Drop/air bubble in liquid (1 surface): 2T/r.
123,PHYSICS,Current Electricity,p21,Kirchhoff's junction rule is based on:,Conservation of energy,Conservation of charge,Conservation of momentum,Ohm's law,B,ΣI = 0 at junction. Current in = Current out. Based on conservation of charge.,12,3,93,Current Electricity,easy,,Junction rule = charge conservation. Loop rule = energy conservation.
124,PHYSICS,Electromagnetic Waves,p22,Speed of electromagnetic waves in vacuum:,3×10⁶ m/s,3×10⁸ m/s,3×10¹⁰ m/s,3×10⁴ m/s,B,c = 3×10⁸ m/s for all EM waves in vacuum regardless of frequency.,12,8,278,EM Waves,easy,,c = 3×10⁸ m/s. All EM waves travel at same speed in vacuum.
125,PHYSICS,Wave Optics,p23,"In Young's double slit experiment, fringe width depends on:",Wavelength and slit separation,Intensity of light,Temperature,Distance between slits only,A,"β = λD/d. Fringe width ∝ λ (wavelength) and D (screen distance), inversely ∝ d (slit separation).",12,10,362,Wave Optics,medium,2022,β = λD/d. Increase λ or D → wider fringes. Increase d → narrower fringes.
